{"camera": {"azimuthal": -1.014468789100647, "polar": -0.28797277808189392, "translation": {"x": -5.0711979866027832, "y": 7.2091813087463379, "z": -0.13596200942993164}}, "editor": {"showAxis": false, "showGrid": false, "showQuadTree": true, "trackFrustum": false}, "render": {}, "scene": {"decals": [], "lights": [{"color": {"w": 10, "x": 1, "y": 1, "z": 1}, "direction": {"x": 0.17738842964172363, "y": -0.89100658893585205, "z": -0.41790023446083069}, "type": "directional"}], "models": [{"path": "Assets/Models/Sponza/Sponza.gltf", "transform": [0.0080000003799796104, 0, 0, 0, 0, 0.0080000003799796104, 0, 0, 0, 0, 0.0080000003799796104, 0, 0, 0, 0, 1]}], "skybox": {"path": "Assets/Textures/qwantani_very_dark.hdr"}}}