{"camera": {"azimuthal": 0.65346914529800415, "polar": 18.867752075195312, "translation": {"x": -5.6772747039794922, "y": 7.8698611259460449, "z": 0.51437503099441528}}, "editor": {"showAxis": false, "showGrid": false, "showQuadTree": true, "trackFrustum": false}, "render": {}, "scene": {"decals": [], "lights": [{"color": {"w": 2.9000000953674316, "x": 1, "y": 1, "z": 1}, "direction": {"x": 0.17738842964172363, "y": -0.89100658893585205, "z": -0.41790023446083069}, "type": "directional"}], "models": [{"path": "Assets/Models/Sponza/Sponza.gltf", "transform": [0.0080000003799796104, 0, 0, 0, 0, 0.0080000003799796104, 0, 0, 0, 0, 0.0080000003799796104, 0, 0, 0, 0, 1]}], "skybox": {"path": "Assets/Textures/qwantani_very_dark.hdr"}}}