{"camera": {"azimuthal": -0.42759963870048523, "polar": 4.7254123687744141, "translation": {"x": -5.7295503616333008, "y": 3.3430430889129639, "z": -0.68819540739059448}}, "render": {"showAxis": false, "showGrid": false, "showQuadTree": false, "showSceneDebug": true, "trackFrustum": false}}