{"camera": {"azimuthal": -0.11018413305282593, "polar": 4.2675352096557617, "translation": {"x": -4.7005071640014648, "y": 5.0683917999267578, "z": -3.8144657611846924}}, "editor": {"showAxis": false, "showGrid": false, "showQuadTree": true, "trackFrustum": false}, "render": {}, "scene": {"decals": [], "lights": [{"color": {"w": 2.9000000953674316, "x": 1, "y": 1, "z": 1}, "direction": {"x": 0.17738842964172363, "y": -0.89100658893585205, "z": -0.41790023446083069}, "type": "directional"}], "models": [{"path": "Assets/Models/Sponza/Sponza.gltf", "transform": [0.0080000003799796104, 0, 0, 0, 0, 0.0080000003799796104, 0, 0, 0, 0, 0.0080000003799796104, 0, 0, 0, 0, 1]}], "skybox": {"path": "Assets/Textures/qwantani_very_dark.hdr"}}}