{"camera": {"azimuthal": -0.25089073181152344, "polar": -1.6842473745346069, "translation": {"x": -4.3632383346557617, "y": 3.6313905715942383, "z": -0.71328383684158325}}, "editor": {"showAxis": true, "showGrid": false, "showQuadTree": false, "trackFrustum": false}, "render": {}, "scene": {"lights": [{"color": {"w": 5, "x": 1, "y": 1, "z": 1}, "direction": {"x": -0.40824827551841736, "y": -0.81649655103683472, "z": -0.40824824571609497}, "innerConeAngle": 41.409622192382812, "outerConeAngle": 45.572975158691406, "position": {"x": 0, "y": 1, "z": 0}, "radius": 10, "type": "spot"}, {"color": {"w": 5, "x": 1, "y": 1, "z": 1}, "position": {"x": 2, "y": 1, "z": 0}, "radius": 2, "type": "point"}], "models": [{"path": "Assets/Models/Sponza/Sponza.gltf", "transform": [0.0080000003799796104, 0, 0, 0, 0, 0.0080000003799796104, 0, 0, 0, 0, 0.0080000003799796104, 0, 0, 0, 0, 1]}], "skybox": {"path": "Assets/Textures/qwantani_very_dark.hdr"}}}