{"camera": {"azimuthal": -0.14398869872093201, "polar": 4.8236312866210938, "translation": {"x": -5.6241879463195801, "y": 2.2051382064819336, "z": -0.13249762356281281}}, "render": {"showAxis": true, "showGrid": false, "showGuizmo": false, "showQuadTree": false, "showSkeleton": false, "trackFrustum": false}}