{"camera": {"azimuthal": -0.38396981358528137, "polar": -1.6973307132720947, "translation": {"x": -8.1936025619506836, "y": 4.7713594436645508, "z": -0.71184933185577393}}, "editor": {"showAxis": false, "showGrid": false, "showQuadTree": false, "trackFrustum": false}, "render": {}, "scene": {"lights": [{"color": {"w": 5, "x": 1, "y": 1, "z": 1}, "direction": {"x": -0.40824827551841736, "y": -0.81649655103683472, "z": -0.40824824571609497}, "innerConeAngle": 10.000006675720215, "outerConeAngle": 36.999988555908203, "position": {"x": 0, "y": 1, "z": 0}, "radius": 1.9235384464263916, "type": "spot"}, {"color": {"w": 5, "x": 1, "y": 1, "z": 1}, "position": {"x": 2, "y": 1, "z": 0}, "radius": 2, "type": "point"}, {"color": {"w": 8.3999996185302734, "x": 1, "y": 1, "z": 1}, "position": {"x": 0, "y": 0.75559771060943604, "z": 0}, "radius": 1, "type": "point"}], "models": [{"path": "Assets/Models/Sponza/Sponza.gltf", "transform": [0.0080000003799796104, 0, 0, 0, 0, 0.0080000003799796104, 0, 0, 0, 0, 0.0080000003799796104, 0, 0, 0, 0, 1]}], "skybox": {"path": "Assets/Textures/qwantani_very_dark.hdr"}}}