{"camera": {"azimuthal": -0.41887775063514709, "polar": -1.5817106962203979, "translation": {"x": -5.1849608421325684, "y": 3.3896517753601074, "z": -0.29166239500045776}}, "editor": {"showAxis": false, "showGrid": false, "showQuadTree": false, "trackFrustum": false}, "render": {}, "scene": {"lights": [{"color": {"w": 5, "x": 1, "y": 1, "z": 1}, "direction": {"x": -0.40824827551841736, "y": -0.81649655103683472, "z": -0.40824824571609497}, "innerConeAngle": 10.000006675720215, "outerConeAngle": 36.999988555908203, "position": {"x": 0, "y": 1, "z": 0}, "radius": 1.9235384464263916, "type": "spot"}, {"color": {"w": 5, "x": 1, "y": 1, "z": 1}, "position": {"x": 2, "y": 1, "z": 0}, "radius": 2, "type": "point"}], "models": [{"path": "Assets/Models/Sponza/Sponza.gltf", "transform": [0.0080000003799796104, 0, 0, 0, 0, 0.0080000003799796104, 0, 0, 0, 0, 0.0080000003799796104, 0, 0, 0, 0, 1]}], "skybox": {"path": "Assets/Textures/qwantani_very_dark.hdr"}}}