{"camera": {"azimuthal": -0.1461682915687561, "polar": 4.7690482139587402, "translation": {"x": -6.9852790832519531, "y": 2.708024263381958, "z": -0.29444798827171326}}, "render": {"showAxis": false, "showGrid": false, "showGuizmo": false, "showQuadTree": false, "showSceneDebug": true, "trackFrustum": false}}