{"camera": {"azimuthal": -0.28028020262718201, "polar": 16.50286865234375, "translation": {"x": -5.4229345321655273, "y": 5.3370013236999512, "z": -4.4200196266174316}}, "editor": {"showAxis": false, "showGrid": false, "showQuadTree": true, "trackFrustum": false}, "render": {}, "scene": {"decals": [], "lights": [{"color": {"w": 2.9000000953674316, "x": 1, "y": 1, "z": 1}, "direction": {"x": 0.17738842964172363, "y": -0.89100658893585205, "z": -0.41790023446083069}, "type": "directional"}], "models": [{"path": "Assets/Models/Sponza/Sponza.gltf", "transform": [0.0080000003799796104, 0, 0, 0, 0, 0.0080000003799796104, 0, 0, 0, 0, 0.0080000003799796104, 0, 0, 0, 0, 1]}], "skybox": {"path": "Assets/Textures/qwantani_very_dark.hdr"}}}