{"camera": {"azimuthal": -0.1636243462562561, "polar": 4.8389172554016113, "translation": {"x": -6.7641348838806152, "y": 1.3800327777862549, "z": -0.05865439772605896}}, "render": {"showAxis": true, "showGrid": false, "showGuizmo": false, "showQuadTree": false, "showSkeleton": false, "trackFrustum": false}}