{"camera": {"azimuthal": 0.084055975079536438, "polar": 18.311410903930664, "translation": {"x": -6.8407158851623535, "y": 6.8864231109619141, "z": 0.52463209629058838}}, "editor": {"showAxis": false, "showGrid": false, "showQuadTree": true, "trackFrustum": false}, "render": {}, "scene": {"decals": [], "lights": [{"color": {"w": 2.9000000953674316, "x": 1, "y": 1, "z": 1}, "direction": {"x": 0.17738842964172363, "y": -0.89100658893585205, "z": -0.41790023446083069}, "type": "directional"}], "models": [{"path": "Assets/Models/Sponza/Sponza.gltf", "transform": [0.0080000003799796104, 0, 0, 0, 0, 0.0080000003799796104, 0, 0, 0, 0, 0.0080000003799796104, 0, 0, 0, 0, 1]}], "skybox": {"path": "Assets/Textures/qwantani_very_dark.hdr"}}}