{"camera": {"azimuthal": -0.29888775944709778, "polar": -1.5228011608123779, "translation": {"x": -5.0705990791320801, "y": 2.9446337223052979, "z": -0.070446290075778961}}, "render": {"showAxis": true, "showGrid": false, "showGuizmo": false, "showQuadTree": false, "showSkeleton": false, "trackFrustum": false}}