{"camera": {"azimuthal": -0.16362375020980835, "polar": -1.5336978435516357, "translation": {"x": -6.9434480667114258, "y": 5.1242756843566895, "z": -3.27284836769104}}, "editor": {"showAxis": false, "showGrid": false, "showQuadTree": true, "trackFrustum": false}, "render": {}, "scene": {"decals": [], "lights": [{"color": {"w": 7.4000000953674316, "x": 1, "y": 1, "z": 1}, "direction": {"x": 1.0807611694474417e-08, "y": -0.4226183295249939, "z": -0.90630775690078735}, "type": "directional"}], "models": [{"path": "Assets/Models/Sponza/Sponza.gltf", "transform": [0.0080000003799796104, 0, 0, 0, 0, 0.0080000003799796104, 0, 0, 0, 0, 0.0080000003799796104, 0, 0, 0, 0, 1]}], "skybox": {"path": "Assets/Textures/qwantani_very_dark.hdr"}}}