{"camera": {"azimuthal": -0.46469396352767944, "polar": -5.9450283050537109, "translation": {"x": 0.058137953281402588, "y": 4.1156740188598633, "z": 6.8545775413513184}}, "editor": {"showAxis": false, "showGrid": false, "showQuadTree": false, "trackFrustum": false}, "render": {}, "scene": {"decals": [], "lights": [{"color": {"w": 3.5, "x": 1, "y": 1, "z": 1}, "direction": {"x": -0.13537868857383728, "y": -0.79863560199737549, "z": -0.58639043569564819}, "type": "directional"}], "models": [{"path": "Assets/Models/busterDrone/busterDrone.gltf", "transform": [-1, 0, -8.7422776573475858e-08, 0, 0, 1, 0, 0, 8.7422776573475858e-08, 0, -1, 0, 0, 0, 0, 1]}], "skybox": {"path": "Assets/Textures/qwantani_very_dark.hdr"}}}