{"camera": {"azimuthal": -0.55338871479034424, "polar": -69.469978332519531, "translation": {"x": -2.3436920642852783, "y": 2.849923849105835, "z": 4.7855243682861328}}, "editor": {"showAxis": false, "showGrid": false, "showQuadTree": true, "trackFrustum": false}, "render": {}, "scene": {"decals": [], "lights": [{"color": {"w": 5.1999998092651367, "x": 1, "y": 1, "z": 1}, "direction": {"x": -0.15212991833686829, "y": -0.80901718139648438, "z": -0.5677567720413208}, "type": "directional"}], "models": [{"path": "Assets/Models/busterDrone/busterDrone.gltf", "transform": [-1, 0, -8.7422776573475858e-08, 0, 0, 1, 0, 0, 8.7422776573475858e-08, 0, -1, 0, 0, 0, 0, 1]}], "skybox": {"path": "Assets/Textures/qwantani_very_dark.hdr"}}}