{"camera": {"azimuthal": -0.61958658695220947, "polar": -56.722343444824219, "translation": {"x": -1.1394122838973999, "y": 3.7414708137512207, "z": 5.6713495254516602}}, "editor": {"showAxis": false, "showGrid": false, "showQuadTree": false, "trackFrustum": false}, "render": {}, "scene": {"decals": [], "lights": [{"color": {"w": 5.1999998092651367, "x": 1, "y": 1, "z": 1}, "direction": {"x": -0.31147852540016174, "y": -0.80901706218719482, "z": -0.49847021698951721}, "type": "directional"}], "models": [{"path": "Assets/Models/busterDrone/busterDrone.gltf", "transform": [-1, 0, -8.7422776573475858e-08, 0, 0, 1, 0, 0, 8.7422776573475858e-08, 0, -1, 0, 0, 0, 0, 1]}], "skybox": {"path": "Assets/Textures/qwantani_very_dark.hdr"}}}