{"camera": {"azimuthal": -0.64576345682144165, "polar": -57.064567565917969, "translation": {"x": -12.265572547912598, "y": 16.194257736206055, "z": 21.191978454589844}}, "editor": {"showAxis": false, "showGrid": false, "showQuadTree": true, "trackFrustum": false}, "render": {}, "scene": {"decals": [], "lights": [{"color": {"w": 5.1999998092651367, "x": 1, "y": 1, "z": 1}, "direction": {"x": -0.15212991833686829, "y": -0.80901718139648438, "z": -0.5677567720413208}, "type": "directional"}], "models": [{"path": "Assets/Models/busterDrone/busterDrone.gltf", "transform": [-1, 0, -8.7422776573475858e-08, 0, 0, 1, 0, 0, 8.7422776573475858e-08, 0, -1, 0, 0, 0, 0, 1]}], "skybox": {"path": "Assets/Textures/qwantani_very_dark.hdr"}}}